slug,display_name,source_filename,map_filename,github_raw_map_url
abu_dhabi,Abu Dhabi,Abu_DhabiRunsheet.jpeg,map.jpeg,https://raw.githubusercontent.com/Keano860/track-database/main/tracks/abu_dhabi/map.jpeg
albacete,Albacete,AlbaceteRunsheet.jpeg,map.jpeg,https://raw.githubusercontent.com/Keano860/track-database/main/tracks/albacete/map.jpeg
algarve,Algarve,AlgarveRunsheet.jpeg,map.jpeg,https://raw.githubusercontent.com/Keano860/track-database/main/tracks/algarve/map.jpeg
algarve_chicane,Algarve Chicane,Algarve_ChicaneRunsheet.jpg,map.jpg,https://raw.githubusercontent.com/Keano860/track-database/main/tracks/algarve_chicane/map.jpg
andalucia,Andalucia,AndaluciaRunsheet.jpeg,map.jpeg,https://raw.githubusercontent.com/Keano860/track-database/main/tracks/andalucia/map.jpeg
andalucia_chicane,Andalucia Chicane,Andalucia_ChicaneRunsheet.jpeg,map.jpeg,https://raw.githubusercontent.com/Keano860/track-database/main/tracks/andalucia_chicane/map.jpeg
anglesey,Anglesey,AngleseyRunsheet.jpeg,map.jpeg,https://raw.githubusercontent.com/Keano860/track-database/main/tracks/anglesey/map.jpeg
bahrain,Bahrain,BahrainRunsheet.jpeg,map.jpeg,https://raw.githubusercontent.com/Keano860/track-database/main/tracks/bahrain/map.jpeg
barcelona_f1,Barcelona F1,Barcelona_F1Runsheet.jpeg,map.jpeg,https://raw.githubusercontent.com/Keano860/track-database/main/tracks/barcelona_f1/map.jpeg
barcelona_gp,Barcelona GP,Barcelona_GPRunsheet.jpeg,map.jpeg,https://raw.githubusercontent.com/Keano860/track-database/main/tracks/barcelona_gp/map.jpeg
bedford_west,Bedford West,Bedford_WestRunsheet.jpeg,map.jpeg,https://raw.githubusercontent.com/Keano860/track-database/main/tracks/bedford_west/map.jpeg
brands_gp,Brands GP,Brands_GPRunsheet.jpeg,map.jpeg,https://raw.githubusercontent.com/Keano860/track-database/main/tracks/brands_gp/map.jpeg
brands_indy,Brands Indy,Brands_IndyRunsheet.jpeg,map.jpeg,https://raw.githubusercontent.com/Keano860/track-database/main/tracks/brands_indy/map.jpeg
cota,COTA,COTARunsheet.jpeg,map.jpeg,https://raw.githubusercontent.com/Keano860/track-database/main/tracks/cota/map.jpeg
cremona,Cremona,CremonaRunsheet.jpeg,map.jpeg,https://raw.githubusercontent.com/Keano860/track-database/main/tracks/cremona/map.jpeg
croft,Croft,CroftRunsheet.jpeg,map.jpeg,https://raw.githubusercontent.com/Keano860/track-database/main/tracks/croft/map.jpeg
donington_gp,Donington GP,Donington_GPRunsheet.jpg,map.jpg,https://raw.githubusercontent.com/Keano860/track-database/main/tracks/donington_gp/map.jpg
donington_nat_old,Donington Nat Old,Donington_NatOLDRunsheet.jpeg,map.jpeg,https://raw.githubusercontent.com/Keano860/track-database/main/tracks/donington_nat_old/map.jpeg
donington_nat,Donington Nat,Donington_NatRunsheet.png,map.png,https://raw.githubusercontent.com/Keano860/track-database/main/tracks/donington_nat/map.png
estoril,Estoril,EstorilRunsheet.jpeg,map.jpeg,https://raw.githubusercontent.com/Keano860/track-database/main/tracks/estoril/map.jpeg
hockenheim,Hockenheim,HockenheimRunsheet.jpeg,map.jpeg,https://raw.githubusercontent.com/Keano860/track-database/main/tracks/hockenheim/map.jpeg
homestead_road,Homestead Road,Homestead_RoadRunsheet.png,map.png,https://raw.githubusercontent.com/Keano860/track-database/main/tracks/homestead_road/map.png
hungaroring,Hungaroring,HungaroringRunsheet.jpeg,map.jpeg,https://raw.githubusercontent.com/Keano860/track-database/main/tracks/hungaroring/map.jpeg
imola,Imola,ImolaRunsheet.jpeg,map.jpeg,https://raw.githubusercontent.com/Keano860/track-database/main/tracks/imola/map.jpeg
jarama,Jarama,JaramaRunsheet.jpeg,map.jpeg,https://raw.githubusercontent.com/Keano860/track-database/main/tracks/jarama/map.jpeg
jeddah,Jeddah,JeddahRunsheet.jpeg,map.jpeg,https://raw.githubusercontent.com/Keano860/track-database/main/tracks/jeddah/map.jpeg
jerez,Jerez,JerezRunsheet.jpeg,map.jpeg,https://raw.githubusercontent.com/Keano860/track-database/main/tracks/jerez/map.jpeg
knockhill,Knockhill,KnockhillRunsheet.jpeg,map.jpeg,https://raw.githubusercontent.com/Keano860/track-database/main/tracks/knockhill/map.jpeg
las_vegas,Las Vegas,Las_VegasRunsheet.jpeg,map.jpeg,https://raw.githubusercontent.com/Keano860/track-database/main/tracks/las_vegas/map.jpeg
macau_old,Macau Old,MacauOldRunsheet.png,map.png,https://raw.githubusercontent.com/Keano860/track-database/main/tracks/macau_old/map.png
macau,Macau,MacauRunsheet.jpeg,map.jpeg,https://raw.githubusercontent.com/Keano860/track-database/main/tracks/macau/map.jpeg
melbourne,Melbourne,MelbourneRunsheet.jpeg,map.jpeg,https://raw.githubusercontent.com/Keano860/track-database/main/tracks/melbourne/map.jpeg
miami,Miami,MiamiRunsheet.jpeg,map.jpeg,https://raw.githubusercontent.com/Keano860/track-database/main/tracks/miami/map.jpeg
misano,Misano,MisanoRunsheet.jpg,map.jpg,https://raw.githubusercontent.com/Keano860/track-database/main/tracks/misano/map.jpg
monaco,Monaco,MonacoRunsheet.jpg,map.jpg,https://raw.githubusercontent.com/Keano860/track-database/main/tracks/monaco/map.jpg
montreal,Montreal,MontrealRunsheet.jpeg,map.jpeg,https://raw.githubusercontent.com/Keano860/track-database/main/tracks/montreal/map.jpeg
monza,Monza,MonzaRunsheet.jpeg,map.jpeg,https://raw.githubusercontent.com/Keano860/track-database/main/tracks/monza/map.jpeg
motorland_aragon,Motorland Aragon,MotorlandRunsheet.jpeg,map.jpeg,https://raw.githubusercontent.com/Keano860/track-database/main/tracks/motorland_aragon/map.jpeg
navarra,Navarra,NavarraRunsheet.jpeg,map.jpeg,https://raw.githubusercontent.com/Keano860/track-database/main/tracks/navarra/map.jpeg
norisring,Norisring,NorisringRunsheet.jpg,map.jpg,https://raw.githubusercontent.com/Keano860/track-database/main/tracks/norisring/map.jpg
nurburgring_short,Nurburgring Short,Nurburgring_ShRunsheet.jpeg,map.jpeg,https://raw.githubusercontent.com/Keano860/track-database/main/tracks/nurburgring_short/map.jpeg
oulton_park_island,Oulton Park Island,Oulton_Park_IslandRunsheet.jpeg,map.jpeg,https://raw.githubusercontent.com/Keano860/track-database/main/tracks/oulton_park_island/map.jpeg
pau,Pau,PauRunsheet.jpg,map.jpg,https://raw.githubusercontent.com/Keano860/track-database/main/tracks/pau/map.jpg
paul_ricard_1c_v2,Paul Ricard 1c V2,Paul_Ricard_1C-V2Runsheet.jpg,map.jpg,https://raw.githubusercontent.com/Keano860/track-database/main/tracks/paul_ricard_1c_v2/map.jpg
paul_ricard_1c_v2_alt,Paul Ricard 1c V2 Alt,Paul_Ricard_1Cv2Runsheet.jpeg,map.jpeg,https://raw.githubusercontent.com/Keano860/track-database/main/tracks/paul_ricard_1c_v2_alt/map.jpeg
paul_ricard_3c,Paul Ricard 3c,Paul_Ricard_3CRunsheet.jpeg,map.jpeg,https://raw.githubusercontent.com/Keano860/track-database/main/tracks/paul_ricard_3c/map.jpeg
pembrey_gp,Pembrey GP,PembreyGPRunsheet.jpg,map.jpg,https://raw.githubusercontent.com/Keano860/track-database/main/tracks/pembrey_gp/map.jpg
pembrey,Pembrey,PembreyRunsheet.jpeg,map.jpeg,https://raw.githubusercontent.com/Keano860/track-database/main/tracks/pembrey/map.jpeg
pembrey_v3,Pembrey V3,Pembrey_v3Runsheet.jpeg,map.jpeg,https://raw.githubusercontent.com/Keano860/track-database/main/tracks/pembrey_v3/map.jpeg
portimao,Portimao,PortimaoRunsheet.jpeg,map.jpeg,https://raw.githubusercontent.com/Keano860/track-database/main/tracks/portimao/map.jpeg
portimao_chicane,Portimao Chicane,Portimao_ChicaneRunsheet.jpg,map.jpg,https://raw.githubusercontent.com/Keano860/track-database/main/tracks/portimao_chicane/map.jpg
qatar,Qatar,QatarRunsheet.jpeg,map.jpeg,https://raw.githubusercontent.com/Keano860/track-database/main/tracks/qatar/map.jpeg
red_bull_ring,Red Bull Ring,Red_Bull_RingRunsheet.png,map.png,https://raw.githubusercontent.com/Keano860/track-database/main/tracks/red_bull_ring/map.png
rockingham,Rockingham,RockinghamRunsheet.jpeg,map.jpeg,https://raw.githubusercontent.com/Keano860/track-database/main/tracks/rockingham/map.jpeg
rockingham_issc,Rockingham ISSC,Rockingham_ISSCRunsheet.jpeg,map.jpeg,https://raw.githubusercontent.com/Keano860/track-database/main/tracks/rockingham_issc/map.jpeg
rockingham_issl,Rockingham ISSL,Rockingham_ISSLRunsheet.png,map.png,https://raw.githubusercontent.com/Keano860/track-database/main/tracks/rockingham_issl/map.png
sepang,Sepang,SepangRunsheet.jpeg,map.jpeg,https://raw.githubusercontent.com/Keano860/track-database/main/tracks/sepang/map.jpeg
shanghai,Shanghai,ShanghaiRunsheet.jpeg,map.jpeg,https://raw.githubusercontent.com/Keano860/track-database/main/tracks/shanghai/map.jpeg
silverstone_nat,Silverstone Nat,Silverstone_NatRunsheet.jpeg,map.jpeg,https://raw.githubusercontent.com/Keano860/track-database/main/tracks/silverstone_nat/map.jpeg
silverstone_new_gp,Silverstone New GP,Silverstone_New_GPRunsheet.jpg,map.jpg,https://raw.githubusercontent.com/Keano860/track-database/main/tracks/silverstone_new_gp/map.jpg
silverstone_old_gp,Silverstone Old GP,Silverstone_Old_GPRunsheet.jpg,map.jpg,https://raw.githubusercontent.com/Keano860/track-database/main/tracks/silverstone_old_gp/map.jpg
singapore,Singapore,SingaporeRunsheet.jpeg,map.jpeg,https://raw.githubusercontent.com/Keano860/track-database/main/tracks/singapore/map.jpeg
snetterton_300,Snetterton 300,Snetterton_300Runsheet.jpeg,map.jpeg,https://raw.githubusercontent.com/Keano860/track-database/main/tracks/snetterton_300/map.jpeg
sochi,Sochi,SochiRunsheet.jpeg,map.jpeg,https://raw.githubusercontent.com/Keano860/track-database/main/tracks/sochi/map.jpeg
spa,Spa,SpaRunsheet.jpeg,map.jpeg,https://raw.githubusercontent.com/Keano860/track-database/main/tracks/spa/map.jpeg
thruxton,Thruxton,ThruxtonRunsheet.jpeg,map.jpeg,https://raw.githubusercontent.com/Keano860/track-database/main/tracks/thruxton/map.jpeg
valencia,Valencia,ValenciaRunsheet.jpeg,map.jpeg,https://raw.githubusercontent.com/Keano860/track-database/main/tracks/valencia/map.jpeg
vallelunga,Vallelunga,VallelungaRunsheet.png,map.png,https://raw.githubusercontent.com/Keano860/track-database/main/tracks/vallelunga/map.png
zandvoort,Zandvoort,ZandvoortRunsheet.jpeg,map.jpeg,https://raw.githubusercontent.com/Keano860/track-database/main/tracks/zandvoort/map.jpeg
